{
    "A": {
        "A": 0.0,
        "C": 0.18181818181818182,
        "G": 0.8181818181818182,
        "T": 0.0
    },
    "C": {
        "A": 0.0,
        "C": 0.0,
        "G": 0.36363636363636365,
        "T": 0.6363636363636364
    },
    "G": {
        "A": 0.0,
        "C": 0.7142857142857143,
        "G": 0.0,
        "T": 0.2857142857142857
    },
    "T": {
        "A": 0.9090909090909091,
        "C": 0.0,
        "G": 0.09090909090909091,
        "T": 0.0
    }
}